1,Scallops 60/80 Iqf,Health,6890.19,Greenfelder Inc,11 Butterfield Hill,http://dummyimage.com/249x166.jpg/dddddd/000000,dfrowing0@shutterfly.com
2,"Pepper - White, Whole",Toys,8919.07,Champlin-Hintz,97 Cherokee Road,http://dummyimage.com/157x246.jpg/5fa2dd/ffffff,dbambrick1@scientificamerican.com
3,"Bread - Bagels, Mini",Kids,1744.37,Feest-Nolan,088 La Follette Court,http://dummyimage.com/101x217.jpg/5fa2dd/ffffff,cdellenbrook2@apple.com
4,"Juice - Pineapple, 48 Oz",Beauty,4839.75,"Rau, Thiel and Schmidt",8810 Superior Drive,http://dummyimage.com/240x128.jpg/dddddd/000000,dosullivan3@aboutads.info
5,"Veal - Insides, Grains",Computers,6048.81,"Turcotte, Grimes and Reilly",09436 Oneill Hill,http://dummyimage.com/195x179.jpg/ff4444/ffffff,wmallord4@google.pl
6,Tomato - Plum With Basil,Clothing,5337.42,Greenfelder Inc,69 Jenna Hill,http://dummyimage.com/146x132.jpg/5fa2dd/ffffff,ngarz5@ovh.net
7,Compound - Passion Fruit,Electronics,7932.75,"Considine, Sawayn and Blanda",026 Stone Corner Center,http://dummyimage.com/122x126.jpg/dddddd/000000,cstaten6@tripod.com
8,"Tart Shells - Sweet, 3",Movies,6895.08,Kuhlman Inc,21 Fairfield Lane,http://dummyimage.com/217x177.jpg/ff4444/ffffff,egaydon7@icio.us
9,Tomato - Tricolor Cherry,Electronics,9713.70,Adams-Schroeder,7 Eagan Point,http://dummyimage.com/110x147.jpg/5fa2dd/ffffff,sfortey8@usatoday.com
10,Wine - Rhine Riesling Wolf Blass,Toys,1706.15,Feest-Nolan,26983 Morningstar Junction,http://dummyimage.com/196x105.jpg/ff4444/ffffff,sfotherby9@eepurl.com
11,Ice Cream Bar - Hageen Daz To,Movies,33.98,Champlin LLC,166 Truax Trail,http://dummyimage.com/138x224.jpg/ff4444/ffffff,bmackrella@unesco.org
12,Quail Eggs - Canned,Tools,5006.23,Greenfelder Inc,0 Loftsgordon Point,http://dummyimage.com/160x111.jpg/dddddd/000000,aboydeb@quantcast.com
13,Star Fruit,Movies,3760.95,"Beatty, Bernier and Schneider",36 Scoville Center,http://dummyimage.com/200x213.jpg/dddddd/000000,gbeardshawc@un.org
14,Cup - 4oz Translucent,Electronics,1291.12,Satterfield-Bruen,3171 Sommers Crossing,http://dummyimage.com/170x102.jpg/dddddd/000000,sgoosed@howstuffworks.com
15,Cheese - St. Paulin,Automotive,3671.46,Haag-Conroy,088 La Follette Court,http://dummyimage.com/100x162.jpg/dddddd/000000,jputtone@deliciousdays.com
16,"Water - Spring Water, 355 Ml",Jewelery,1836.93,DuBuque Group,352 Rieder Place,http://dummyimage.com/230x192.jpg/dddddd/000000,gprattingtonf@nsw.gov.au
17,"Cod - Salted, Boneless",Outdoors,4276.32,Feest-Nolan,963 Bunting Avenue,http://dummyimage.com/184x140.jpg/cc0000/ffffff,lhoolaghang@vk.com
18,Longos - Chicken Wings,Jewelery,916.65,Lockman Inc,540 Sachtjen Trail,http://dummyimage.com/203x105.jpg/cc0000/ffffff,egiovanettih@globo.com
19,Momiji Oroshi Chili Sauce,Garden,3564.06,Ortiz-Block,7421 Loeprich Park,http://dummyimage.com/196x128.jpg/ff4444/ffffff,mpatifieldi@usnews.com
20,Flower - Dish Garden,Movies,5525.80,Schmeler Inc,18 Prairieview Court, http://dummyimage.com/152x206.jpg/dddddd/000000,awolversonj@wufoo.com
21,Table Cloth 144x90 White,Movies,941.03,Adams-Schroeder,088 La Follette Court, http://dummyimage.com/152x200.jpg/dddd555/000000,awolversonj@wufoo.com
22,Blackberries,Home,8002.22,"Maggio, Anderson and Baumbach",4 Del Sol Hill, http://dummyimage.com/160x111.jpg/dddddd/000000,aboydeb@quantcast.com
23,Broom - Corn,Books,8163.43,Veum Inc,21 Fairfield Lane,http://dummyimage.com/122x126.jpg/dddddd/000000,cstaten6@tripod.com
24,Duck - Legs,Garden,7695.98,Deckow LLC,352 Rieder Place,http://dummyimage.com/101x217.jpg/5fa2dd/ffffff,cdellenbrook2@apple.com
25,Bread Ww Cluster,Sports,451.14,Roberts-Schroeder,4 Del Sol Hill,http://dummyimage.com/101x217.jpg/5fa2dd/ffffff,cdellenbrook2@apple.com